h:id(1:Die DLRG);s:id(2:News);h:link(1:Link zur Startseite);
;s:Selbstverständnis;s:c(Container Selbstverständnis);
;;s:Ordnungen;r:c(Container Ordnungen)
;s:Organisation;r:Aufbau;
;;r:Gremien;
;;r:Bundeszentrum;
;;r:Ansprechpartner;
;s:Vernetzung;;
;s:Kooperationen;h:link(1:Link zur Startseite);
;s:Transparenz;;
;r:Ordnungen;r:c(Container Ordnungen);
;r:c(Container Selbstverständnis);;
h:Jugend;;;
h:Lernen;Breitenausbildung;;
;Qualifizierungen;;
;Lehrgänge;;
h:Retten;Wasserrettungsdienst;;
;Gefahrenabwehr im Bevölkerungsschutz;;
;Boote, Fahrzeuge & Materialien;;
;Erste Hilfe & Sanitätsdienst;;
;Kommunikation (IuK);;
;Einsatztagebuch;;
h:Informieren;Freizeit im Wasser;;
;Sicherheitstipps;;
;Regeln;;
;Gefahren;;
;Selbst- und Fremdrettung;;
;Publikationen;;
h:Sport;;;
h:Presse;;;
h:für Mitglieder;h:link(2:Link zu den News);;
