Die DLRG;News;;
;Selbstverständnis;Kurzdarstellung;
;;Leitsätze;
;;Satzung;
;;Ordnungen;Die Ehrungsordnung der DLRG
;;;Die Geschäftsordnung der DLRG
;;;Die Wirtschaftsordnung der DLRG
;;;De Schieds- und Ehrengerichtsordnung der DLRG
;Organisation;Aufbau;
;;Gremien;
;;Bundeszentrum;
;;Ansprechpartner;
;Geschichte;;
;Vernetzung;;
;Kooperationen;;
;Transparenz;;
Jugend;;;
Lernen;Breitenausbildung;;
;Qualifizierungen;;
;Lehrgänge;;
Retten;Wasserrettungsdienst;;
;Gefahrenabwehr im Bevölkerungsschutz;;
;Boote, Fahrzeuge & Materialien;;
;Erste Hilfe & Sanitätsdienst;;
;Kommunikation (IuK);;
;Einsatztagebuch;;
Informieren;Freizeit im Wasser;;
;Sicherheitstipps;;
;Regeln;;
;Gefahren;;
;Selbst- und Fremdrettung;;
;Publikationen;;
Sport;;;
Presse;;;
für Mitglieder;;;
